date,octree,point_type,encoder,npoints,operation,kernel,radius,num_searches,sequential_searches,repeats,accumulated,mean,median,stdev,used_warmup,warmup_time,avg_result_size,tolerance_percentage,openmp_threads,openmp_schedule
2025-07-12-13:26:01,pclOct,Point,NoEncoding,429615314,pclOctKNN,KNN,5,10000,random,5,1.24671,0.249342,0.249699,0.00334724,1,0.434938,5,0,40,dynamic
2025-07-12-13:26:03,pclOct,Point,NoEncoding,429615314,pclOctKNN,KNN,10,10000,random,5,1.27091,0.254183,0.253575,0.00216111,1,0.252415,10,0,40,dynamic
2025-07-12-13:26:04,pclOct,Point,NoEncoding,429615314,pclOctKNN,KNN,25,10000,random,5,1.29238,0.258476,0.258519,0.00259459,1,0.25548,25,0,40,dynamic
2025-07-12-13:26:06,pclOct,Point,NoEncoding,429615314,pclOctKNN,KNN,50,10000,random,5,1.31937,0.263874,0.26275,0.0032194,1,0.261732,50,0,40,dynamic
2025-07-12-13:26:07,pclOct,Point,NoEncoding,429615314,pclOctKNN,KNN,75,10000,random,5,1.34378,0.268756,0.268623,0.00266227,1,0.266112,75,0,40,dynamic
2025-07-12-13:26:09,pclOct,Point,NoEncoding,429615314,pclOctKNN,KNN,100,10000,random,5,1.36469,0.272937,0.271968,0.00335254,1,0.270333,100,0,40,dynamic
2025-07-12-13:26:11,pclOct,Point,NoEncoding,429615314,pclOctKNN,KNN,200,10000,random,5,1.42919,0.285838,0.284365,0.00254417,1,0.28483,200,0,40,dynamic
2025-07-12-13:26:12,pclOct,Point,NoEncoding,429615314,pclOctKNN,KNN,300,10000,random,5,1.49497,0.298994,0.299289,0.00220337,1,0.298359,300,0,40,dynamic
2025-07-12-13:26:14,pclOct,Point,NoEncoding,429615314,pclOctKNN,KNN,400,10000,random,5,1.55878,0.311756,0.311946,0.00320503,1,0.309996,400,0,40,dynamic
2025-07-12-13:26:16,pclOct,Point,NoEncoding,429615314,pclOctKNN,KNN,500,10000,random,5,1.63246,0.326493,0.324931,0.00315097,1,0.323689,500,0,40,dynamic
2025-07-12-13:26:18,pclOct,Point,NoEncoding,429615314,pclOctKNN,KNN,600,10000,random,5,1.7054,0.34108,0.340669,0.00325276,1,0.338861,600,0,40,dynamic
2025-07-12-13:26:20,pclOct,Point,NoEncoding,429615314,pclOctKNN,KNN,700,10000,random,5,1.78172,0.356344,0.355466,0.00371811,1,0.35247,700,0,40,dynamic
2025-07-12-13:26:23,pclOct,Point,NoEncoding,429615314,pclOctKNN,KNN,800,10000,random,5,1.86394,0.372788,0.371418,0.00495304,1,0.374762,800,0,40,dynamic
2025-07-12-13:26:25,pclOct,Point,NoEncoding,429615314,pclOctKNN,KNN,900,10000,random,5,1.95194,0.390389,0.389975,0.00384652,1,0.387726,900,0,40,dynamic
2025-07-12-13:26:27,pclOct,Point,NoEncoding,429615314,pclOctKNN,KNN,1000,10000,random,5,2.06594,0.413188,0.412911,0.00387218,1,0.411582,1000,0,40,dynamic
2025-07-12-13:26:30,pclOct,Point,NoEncoding,429615314,pclOctKNN,KNN,1250,10000,random,5,2.32504,0.465008,0.465114,0.0038902,1,0.464772,1250,0,40,dynamic
2025-07-12-13:26:33,pclOct,Point,NoEncoding,429615314,pclOctKNN,KNN,1500,10000,random,5,2.62953,0.525906,0.523572,0.00546544,1,0.524892,1500,0,40,dynamic
2025-07-12-13:26:37,pclOct,Point,NoEncoding,429615314,pclOctKNN,KNN,1750,10000,random,5,3.1477,0.629541,0.619052,0.0191286,1,0.590303,1750,0,40,dynamic
2025-07-12-13:26:41,pclOct,Point,NoEncoding,429615314,pclOctKNN,KNN,2000,10000,random,5,3.3364,0.66728,0.664778,0.00935929,1,0.666753,2000,0,40,dynamic
2025-07-12-13:30:37,pclKD,Point,NoEncoding,429615314,pclKdKNN,KNN,5,10000,random,5,0.0704675,0.0140935,0.0165068,0.00407597,1,0.0230795,5,0,40,dynamic
2025-07-12-13:30:37,pclKD,Point,NoEncoding,429615314,pclKdKNN,KNN,10,10000,random,5,0.0361753,0.00723506,0.00730468,0.00133785,1,0.00703975,10,0,40,dynamic
2025-07-12-13:30:37,pclKD,Point,NoEncoding,429615314,pclKdKNN,KNN,25,10000,random,5,0.0415789,0.00831577,0.00842102,0.000320166,1,0.0078759,25,0,40,dynamic
2025-07-12-13:30:37,pclKD,Point,NoEncoding,429615314,pclKdKNN,KNN,50,10000,random,5,0.0469871,0.00939743,0.00955633,0.000348438,1,0.00911681,50,0,40,dynamic
2025-07-12-13:30:37,pclKD,Point,NoEncoding,429615314,pclKdKNN,KNN,75,10000,random,5,0.0525901,0.010518,0.0106696,0.000271625,1,0.0102073,75,0,40,dynamic
2025-07-12-13:30:37,pclKD,Point,NoEncoding,429615314,pclKdKNN,KNN,100,10000,random,5,0.0591564,0.0118313,0.0119306,0.000252908,1,0.0116131,100,0,40,dynamic
2025-07-12-13:30:37,pclKD,Point,NoEncoding,429615314,pclKdKNN,KNN,200,10000,random,5,0.0973264,0.0194653,0.019796,0.000846457,1,0.0195869,200,0,40,dynamic
2025-07-12-13:30:37,pclKD,Point,NoEncoding,429615314,pclKdKNN,KNN,300,10000,random,5,0.137425,0.027485,0.0279897,0.000960557,1,0.0264687,300,0,40,dynamic
2025-07-12-13:30:38,pclKD,Point,NoEncoding,429615314,pclKdKNN,KNN,400,10000,random,5,0.170638,0.0341276,0.0345614,0.000990634,1,0.0345371,400,0,40,dynamic
2025-07-12-13:30:38,pclKD,Point,NoEncoding,429615314,pclKdKNN,KNN,500,10000,random,5,0.198708,0.0397417,0.0392065,0.00105489,1,0.0409338,500,0,40,dynamic
2025-07-12-13:30:38,pclKD,Point,NoEncoding,429615314,pclKdKNN,KNN,600,10000,random,5,0.241142,0.0482284,0.0508263,0.00407573,1,0.050643,600,0,40,dynamic
2025-07-12-13:30:39,pclKD,Point,NoEncoding,429615314,pclKdKNN,KNN,700,10000,random,5,0.244759,0.0489518,0.0492384,0.0013536,1,0.0491836,700,0,40,dynamic
2025-07-12-13:30:39,pclKD,Point,NoEncoding,429615314,pclKdKNN,KNN,800,10000,random,5,0.277428,0.0554856,0.0558022,0.00109695,1,0.05559,800,0,40,dynamic
2025-07-12-13:30:39,pclKD,Point,NoEncoding,429615314,pclKdKNN,KNN,900,10000,random,5,0.30928,0.0618559,0.0622313,0.000918438,1,0.0623297,900,0,40,dynamic
2025-07-12-13:30:40,pclKD,Point,NoEncoding,429615314,pclKdKNN,KNN,1000,10000,random,5,0.340531,0.0681062,0.0684603,0.000802359,1,0.0685306,1000,0,40,dynamic
2025-07-12-13:30:40,pclKD,Point,NoEncoding,429615314,pclKdKNN,KNN,1250,10000,random,5,0.431592,0.0863185,0.086931,0.00161535,1,0.0899235,1250,0,40,dynamic
2025-07-12-13:30:41,pclKD,Point,NoEncoding,429615314,pclKdKNN,KNN,1500,10000,random,5,0.510962,0.102192,0.102925,0.00134865,1,0.102675,1500,0,40,dynamic
2025-07-12-13:30:42,pclKD,Point,NoEncoding,429615314,pclKdKNN,KNN,1750,10000,random,5,0.612357,0.122471,0.123186,0.0022834,1,0.121029,1750,0,40,dynamic
2025-07-12-13:30:42,pclKD,Point,NoEncoding,429615314,pclKdKNN,KNN,2000,10000,random,5,0.677001,0.1354,0.135978,0.0011222,1,0.136804,2000,0,40,dynamic
2025-07-12-13:34:15,nanoKD,Point,NoEncoding,429615314,nanoflannKNN,KNN,5,10000,random,5,0.0587349,0.011747,0.0127287,0.00323353,1,0.0161114,5,0,40,dynamic
2025-07-12-13:34:15,nanoKD,Point,NoEncoding,429615314,nanoflannKNN,KNN,10,10000,random,5,0.030399,0.00607981,0.00608398,6.63142e-05,1,0.00617309,10,0,40,dynamic
2025-07-12-13:34:15,nanoKD,Point,NoEncoding,429615314,nanoflannKNN,KNN,25,10000,random,5,0.0379258,0.00758515,0.00767747,0.000195965,1,0.0076687,25,0,40,dynamic
2025-07-12-13:34:15,nanoKD,Point,NoEncoding,429615314,nanoflannKNN,KNN,50,10000,random,5,0.0483041,0.00966083,0.00976235,0.000270245,1,0.0098661,50,0,40,dynamic
2025-07-12-13:34:15,nanoKD,Point,NoEncoding,429615314,nanoflannKNN,KNN,75,10000,random,5,0.057775,0.011555,0.0116318,0.000308059,1,0.011737,75,0,40,dynamic
2025-07-12-13:34:15,nanoKD,Point,NoEncoding,429615314,nanoflannKNN,KNN,100,10000,random,5,0.0680219,0.0136044,0.0136075,0.000334032,1,0.0138263,100,0,40,dynamic
2025-07-12-13:34:15,nanoKD,Point,NoEncoding,429615314,nanoflannKNN,KNN,200,10000,random,5,0.124897,0.0249795,0.0255531,0.0011855,1,0.0262184,200,0,40,dynamic
2025-07-12-13:34:16,nanoKD,Point,NoEncoding,429615314,nanoflannKNN,KNN,300,10000,random,5,0.192764,0.0385529,0.0390667,0.00112474,1,0.0394928,300,0,40,dynamic
2025-07-12-13:34:16,nanoKD,Point,NoEncoding,429615314,nanoflannKNN,KNN,400,10000,random,5,0.275931,0.0551861,0.0556395,0.00114682,1,0.0561279,400,0,40,dynamic
2025-07-12-13:34:17,nanoKD,Point,NoEncoding,429615314,nanoflannKNN,KNN,500,10000,random,5,0.378428,0.0756856,0.075456,0.00139448,1,0.0760911,500,0,40,dynamic
2025-07-12-13:34:17,nanoKD,Point,NoEncoding,429615314,nanoflannKNN,KNN,600,10000,random,5,0.493785,0.0987569,0.098523,0.00124675,1,0.0981045,600,0,40,dynamic
2025-07-12-13:34:18,nanoKD,Point,NoEncoding,429615314,nanoflannKNN,KNN,700,10000,random,5,0.624031,0.124806,0.125174,0.00152289,1,0.124581,700,0,40,dynamic
2025-07-12-13:34:19,nanoKD,Point,NoEncoding,429615314,nanoflannKNN,KNN,800,10000,random,5,0.769673,0.153935,0.153844,0.00187611,1,0.157317,800,0,40,dynamic
2025-07-12-13:34:20,nanoKD,Point,NoEncoding,429615314,nanoflannKNN,KNN,900,10000,random,5,0.940763,0.188153,0.188366,0.00134901,1,0.18721,900,0,40,dynamic
2025-07-12-13:34:21,nanoKD,Point,NoEncoding,429615314,nanoflannKNN,KNN,1000,10000,random,5,1.12521,0.225042,0.224174,0.00197693,1,0.222152,1000,0,40,dynamic
2025-07-12-13:34:23,nanoKD,Point,NoEncoding,429615314,nanoflannKNN,KNN,1250,10000,random,5,1.62594,0.325187,0.326273,0.00358133,1,0.324698,1250,0,40,dynamic
2025-07-12-13:34:26,nanoKD,Point,NoEncoding,429615314,nanoflannKNN,KNN,1500,10000,random,5,2.22514,0.445027,0.445358,0.00500688,1,0.442552,1500,0,40,dynamic
2025-07-12-13:34:29,nanoKD,Point,NoEncoding,429615314,nanoflannKNN,KNN,1750,10000,random,5,2.9331,0.586621,0.588313,0.00983619,1,0.578796,1750,0,40,dynamic
2025-07-12-13:34:34,nanoKD,Point,NoEncoding,429615314,nanoflannKNN,KNN,2000,10000,random,5,3.68949,0.737897,0.735908,0.00409388,1,0.734022,2000,0,40,dynamic
2025-07-12-13:36:19,linOct,Point,MortonEncoder3D,429615314,linOctKNN,KNN,5,10000,random,5,0.0175175,0.0035035,0.00346691,8.50662e-05,1,0.00379767,5,0,40,dynamic
2025-07-12-13:36:19,linOct,Point,MortonEncoder3D,429615314,linOctKNN,KNN,10,10000,random,5,0.0209089,0.00418178,0.00416141,4.74201e-05,1,0.00373576,10,0,40,dynamic
2025-07-12-13:36:19,linOct,Point,MortonEncoder3D,429615314,linOctKNN,KNN,25,10000,random,5,0.0262092,0.00524183,0.00521661,6.04027e-05,1,0.00489195,25,0,40,dynamic
2025-07-12-13:36:19,linOct,Point,MortonEncoder3D,429615314,linOctKNN,KNN,50,10000,random,5,0.0338187,0.00676373,0.00674476,5.0653e-05,1,0.00653496,50,0,40,dynamic
2025-07-12-13:36:19,linOct,Point,MortonEncoder3D,429615314,linOctKNN,KNN,75,10000,random,5,0.0544798,0.010896,0.0108103,0.00162548,1,0.00806894,75,0,40,dynamic
2025-07-12-13:36:19,linOct,Point,MortonEncoder3D,429615314,linOctKNN,KNN,100,10000,random,5,0.0471958,0.00943917,0.00942044,3.40634e-05,1,0.0102453,100,0,40,dynamic
2025-07-12-13:36:19,linOct,Point,MortonEncoder3D,429615314,linOctKNN,KNN,200,10000,random,5,0.0699978,0.0139996,0.0139822,5.93e-05,1,0.0139942,200,0,40,dynamic
2025-07-12-13:36:19,linOct,Point,MortonEncoder3D,429615314,linOctKNN,KNN,300,10000,random,5,0.0917808,0.0183562,0.0183721,4.37276e-05,1,0.0183268,300,0,40,dynamic
2025-07-12-13:36:20,linOct,Point,MortonEncoder3D,429615314,linOctKNN,KNN,400,10000,random,5,0.113254,0.0226508,0.0226338,5.1974e-05,1,0.0226477,400,0,40,dynamic
2025-07-12-13:36:20,linOct,Point,MortonEncoder3D,429615314,linOctKNN,KNN,500,10000,random,5,0.134628,0.0269257,0.0268976,5.44316e-05,1,0.0269247,500,0,40,dynamic
2025-07-12-13:36:20,linOct,Point,MortonEncoder3D,429615314,linOctKNN,KNN,600,10000,random,5,0.155756,0.0311511,0.0311252,3.77213e-05,1,0.0311488,600,0,40,dynamic
2025-07-12-13:36:20,linOct,Point,MortonEncoder3D,429615314,linOctKNN,KNN,700,10000,random,5,0.176281,0.0352562,0.0352524,3.79512e-05,1,0.0352499,700,0,40,dynamic
2025-07-12-13:36:20,linOct,Point,MortonEncoder3D,429615314,linOctKNN,KNN,800,10000,random,5,0.196707,0.0393413,0.039326,2.71109e-05,1,0.0392967,800,0,40,dynamic
2025-07-12-13:36:21,linOct,Point,MortonEncoder3D,429615314,linOctKNN,KNN,900,10000,random,5,0.216931,0.0433863,0.0433971,3.92009e-05,1,0.0433604,900,0,40,dynamic
2025-07-12-13:36:21,linOct,Point,MortonEncoder3D,429615314,linOctKNN,KNN,1000,10000,random,5,0.260689,0.0521379,0.052635,0.00106763,1,0.0473577,1000,0,40,dynamic
2025-07-12-13:36:21,linOct,Point,MortonEncoder3D,429615314,linOctKNN,KNN,1250,10000,random,5,0.314119,0.0628239,0.0628138,0.000113304,1,0.0626254,1250,0,40,dynamic
2025-07-12-13:36:22,linOct,Point,MortonEncoder3D,429615314,linOctKNN,KNN,1500,10000,random,5,0.355731,0.0711462,0.0728588,0.00241378,1,0.0707537,1500,0,40,dynamic
2025-07-12-13:36:22,linOct,Point,MortonEncoder3D,429615314,linOctKNN,KNN,1750,10000,random,5,0.384205,0.0768409,0.0768677,7.33009e-05,1,0.0767978,1750,0,40,dynamic
2025-07-12-13:36:23,linOct,Point,MortonEncoder3D,429615314,linOctKNN,KNN,2000,10000,random,5,0.432152,0.0864304,0.0863929,0.000110778,1,0.0870961,2000,0,40,dynamic
2025-07-12-13:37:59,pclOct,Point,MortonEncoder3D,429615314,pclOctKNN,KNN,5,10000,random,5,1.16392,0.232785,0.233642,0.00287402,1,0.230522,5,0,40,dynamic
2025-07-12-13:38:01,pclOct,Point,MortonEncoder3D,429615314,pclOctKNN,KNN,10,10000,random,5,1.16684,0.233368,0.234816,0.00215683,1,0.231108,10,0,40,dynamic
2025-07-12-13:38:02,pclOct,Point,MortonEncoder3D,429615314,pclOctKNN,KNN,25,10000,random,5,1.18652,0.237304,0.237651,0.00189776,1,0.237863,25,0,40,dynamic
2025-07-12-13:38:04,pclOct,Point,MortonEncoder3D,429615314,pclOctKNN,KNN,50,10000,random,5,1.21657,0.243314,0.244513,0.00210281,1,0.242016,50,0,40,dynamic
2025-07-12-13:38:05,pclOct,Point,MortonEncoder3D,429615314,pclOctKNN,KNN,75,10000,random,5,1.22879,0.245758,0.246473,0.00132393,1,0.245855,75,0,40,dynamic
2025-07-12-13:38:07,pclOct,Point,MortonEncoder3D,429615314,pclOctKNN,KNN,100,10000,random,5,1.25623,0.251246,0.252471,0.00171661,1,0.249751,100,0,40,dynamic
2025-07-12-13:38:08,pclOct,Point,MortonEncoder3D,429615314,pclOctKNN,KNN,200,10000,random,5,1.32506,0.265012,0.26459,0.00174563,1,0.261406,200,0,40,dynamic
2025-07-12-13:38:10,pclOct,Point,MortonEncoder3D,429615314,pclOctKNN,KNN,300,10000,random,5,1.38514,0.277028,0.278305,0.00247712,1,0.274157,300,0,40,dynamic
2025-07-12-13:38:12,pclOct,Point,MortonEncoder3D,429615314,pclOctKNN,KNN,400,10000,random,5,1.44209,0.288419,0.287747,0.00166024,1,0.288091,400,0,40,dynamic
2025-07-12-13:38:13,pclOct,Point,MortonEncoder3D,429615314,pclOctKNN,KNN,500,10000,random,5,1.51768,0.303535,0.303438,0.00111896,1,0.30068,500,0,40,dynamic
2025-07-12-13:38:15,pclOct,Point,MortonEncoder3D,429615314,pclOctKNN,KNN,600,10000,random,5,1.59052,0.318105,0.31842,0.00135558,1,0.316911,600,0,40,dynamic
2025-07-12-13:38:17,pclOct,Point,MortonEncoder3D,429615314,pclOctKNN,KNN,700,10000,random,5,1.66866,0.333732,0.334194,0.00198115,1,0.3329,700,0,40,dynamic
2025-07-12-13:38:20,pclOct,Point,MortonEncoder3D,429615314,pclOctKNN,KNN,800,10000,random,5,1.77403,0.354806,0.352621,0.00512436,1,0.35391,800,0,40,dynamic
2025-07-12-13:38:22,pclOct,Point,MortonEncoder3D,429615314,pclOctKNN,KNN,900,10000,random,5,1.86753,0.373506,0.371898,0.00307913,1,0.370773,900,0,40,dynamic
2025-07-12-13:38:24,pclOct,Point,MortonEncoder3D,429615314,pclOctKNN,KNN,1000,10000,random,5,1.96065,0.392129,0.392908,0.00228236,1,0.391699,1000,0,40,dynamic
2025-07-12-13:38:27,pclOct,Point,MortonEncoder3D,429615314,pclOctKNN,KNN,1250,10000,random,5,2.22033,0.444066,0.44149,0.00633041,1,0.442895,1250,0,40,dynamic
2025-07-12-13:38:30,pclOct,Point,MortonEncoder3D,429615314,pclOctKNN,KNN,1500,10000,random,5,2.54609,0.509219,0.509502,0.00437633,1,0.507209,1500,0,40,dynamic
2025-07-12-13:38:33,pclOct,Point,MortonEncoder3D,429615314,pclOctKNN,KNN,1750,10000,random,5,2.87536,0.575071,0.575294,0.0030625,1,0.571058,1750,0,40,dynamic
2025-07-12-13:38:37,pclOct,Point,MortonEncoder3D,429615314,pclOctKNN,KNN,2000,10000,random,5,3.21652,0.643305,0.643789,0.0035766,1,0.64447,2000,0,40,dynamic
2025-07-12-13:41:47,pclKD,Point,MortonEncoder3D,429615314,pclKdKNN,KNN,5,10000,random,5,0.0130715,0.0026143,0.00220023,0.000969357,1,0.00914088,5,0,40,dynamic
2025-07-12-13:41:47,pclKD,Point,MortonEncoder3D,429615314,pclKdKNN,KNN,10,10000,random,5,0.0122308,0.00244615,0.00242806,4.00783e-05,1,0.00219438,10,0,40,dynamic
2025-07-12-13:41:47,pclKD,Point,MortonEncoder3D,429615314,pclKdKNN,KNN,25,10000,random,5,0.0152128,0.00304256,0.00300965,5.9504e-05,1,0.00275078,25,0,40,dynamic
2025-07-12-13:41:47,pclKD,Point,MortonEncoder3D,429615314,pclKdKNN,KNN,50,10000,random,5,0.0202497,0.00404995,0.00401755,7.89364e-05,1,0.00368548,50,0,40,dynamic
2025-07-12-13:41:47,pclKD,Point,MortonEncoder3D,429615314,pclKdKNN,KNN,75,10000,random,5,0.0263695,0.00527391,0.00525107,7.48239e-05,1,0.00491237,75,0,40,dynamic
2025-07-12-13:41:47,pclKD,Point,MortonEncoder3D,429615314,pclKdKNN,KNN,100,10000,random,5,0.0328908,0.00657816,0.00656537,6.99217e-05,1,0.00628917,100,0,40,dynamic
2025-07-12-13:41:47,pclKD,Point,MortonEncoder3D,429615314,pclKdKNN,KNN,200,10000,random,5,0.06474,0.012948,0.0128883,0.000147917,1,0.0128609,200,0,40,dynamic
2025-07-12-13:41:47,pclKD,Point,MortonEncoder3D,429615314,pclKdKNN,KNN,300,10000,random,5,0.103222,0.0206445,0.0206108,9.53098e-05,1,0.0206257,300,0,40,dynamic
2025-07-12-13:41:48,pclKD,Point,MortonEncoder3D,429615314,pclKdKNN,KNN,400,10000,random,5,0.134828,0.0269657,0.026938,9.53113e-05,1,0.0269454,400,0,40,dynamic
2025-07-12-13:41:48,pclKD,Point,MortonEncoder3D,429615314,pclKdKNN,KNN,500,10000,random,5,0.166421,0.0332842,0.0333119,9.04285e-05,1,0.0332819,500,0,40,dynamic
2025-07-12-13:41:48,pclKD,Point,MortonEncoder3D,429615314,pclKdKNN,KNN,600,10000,random,5,0.199293,0.0398587,0.0398988,8.12238e-05,1,0.0398002,600,0,40,dynamic
2025-07-12-13:41:48,pclKD,Point,MortonEncoder3D,429615314,pclKdKNN,KNN,700,10000,random,5,0.245,0.0490001,0.0488649,0.00245061,1,0.046266,700,0,40,dynamic
2025-07-12-13:41:49,pclKD,Point,MortonEncoder3D,429615314,pclKdKNN,KNN,800,10000,random,5,0.265451,0.0530901,0.0531009,0.000104593,1,0.0552345,800,0,40,dynamic
2025-07-12-13:41:49,pclKD,Point,MortonEncoder3D,429615314,pclKdKNN,KNN,900,10000,random,5,0.298653,0.0597306,0.0596572,0.00014868,1,0.0595738,900,0,40,dynamic
2025-07-12-13:41:49,pclKD,Point,MortonEncoder3D,429615314,pclKdKNN,KNN,1000,10000,random,5,0.330878,0.0661755,0.066133,0.000128471,1,0.0659678,1000,0,40,dynamic
2025-07-12-13:41:50,pclKD,Point,MortonEncoder3D,429615314,pclKdKNN,KNN,1250,10000,random,5,0.415152,0.0830303,0.0828162,0.000523965,1,0.0824189,1250,0,40,dynamic
2025-07-12-13:41:50,pclKD,Point,MortonEncoder3D,429615314,pclKdKNN,KNN,1500,10000,random,5,0.494765,0.098953,0.098958,0.000200761,1,0.0986877,1500,0,40,dynamic
2025-07-12-13:41:51,pclKD,Point,MortonEncoder3D,429615314,pclKdKNN,KNN,1750,10000,random,5,0.578577,0.115715,0.115687,0.000258132,1,0.115556,1750,0,40,dynamic
2025-07-12-13:41:52,pclKD,Point,MortonEncoder3D,429615314,pclKdKNN,KNN,2000,10000,random,5,0.665339,0.133068,0.132661,0.00117369,1,0.134361,2000,0,40,dynamic
2025-07-12-13:44:19,nanoKD,Point,MortonEncoder3D,429615314,nanoflannKNN,KNN,5,10000,random,5,0.0495261,0.00990521,0.0094797,0.00251283,1,0.0159153,5,0,40,dynamic
2025-07-12-13:44:19,nanoKD,Point,MortonEncoder3D,429615314,nanoflannKNN,KNN,10,10000,random,5,0.0266541,0.00533083,0.00532477,6.22667e-05,1,0.00526821,10,0,40,dynamic
2025-07-12-13:44:19,nanoKD,Point,MortonEncoder3D,429615314,nanoflannKNN,KNN,25,10000,random,5,0.0326646,0.00653292,0.00651258,0.000111052,1,0.00647273,25,0,40,dynamic
2025-07-12-13:44:19,nanoKD,Point,MortonEncoder3D,429615314,nanoflannKNN,KNN,50,10000,random,5,0.0418074,0.00836147,0.00834493,0.000137864,1,0.00843062,50,0,40,dynamic
2025-07-12-13:44:19,nanoKD,Point,MortonEncoder3D,429615314,nanoflannKNN,KNN,75,10000,random,5,0.0509286,0.0101857,0.0101847,0.000157545,1,0.0102471,75,0,40,dynamic
2025-07-12-13:44:19,nanoKD,Point,MortonEncoder3D,429615314,nanoflannKNN,KNN,100,10000,random,5,0.0611802,0.012236,0.0123129,0.00017187,1,0.0123013,100,0,40,dynamic
2025-07-12-13:44:19,nanoKD,Point,MortonEncoder3D,429615314,nanoflannKNN,KNN,200,10000,random,5,0.108018,0.0216037,0.0217255,0.000280144,1,0.0216304,200,0,40,dynamic
2025-07-12-13:44:19,nanoKD,Point,MortonEncoder3D,429615314,nanoflannKNN,KNN,300,10000,random,5,0.174088,0.0348176,0.0350176,0.000573383,1,0.0348189,300,0,40,dynamic
2025-07-12-13:44:19,nanoKD,Point,MortonEncoder3D,429615314,nanoflannKNN,KNN,400,10000,random,5,0.260277,0.0520554,0.0520439,0.000848013,1,0.0519863,400,0,40,dynamic
2025-07-12-13:44:20,nanoKD,Point,MortonEncoder3D,429615314,nanoflannKNN,KNN,500,10000,random,5,0.362458,0.0724916,0.0727851,0.00121693,1,0.0727053,500,0,40,dynamic
2025-07-12-13:44:20,nanoKD,Point,MortonEncoder3D,429615314,nanoflannKNN,KNN,600,10000,random,5,0.480238,0.0960475,0.0964011,0.00159971,1,0.0962614,600,0,40,dynamic
2025-07-12-13:44:21,nanoKD,Point,MortonEncoder3D,429615314,nanoflannKNN,KNN,700,10000,random,5,0.61464,0.122928,0.122984,0.00207187,1,0.122893,700,0,40,dynamic
2025-07-12-13:44:22,nanoKD,Point,MortonEncoder3D,429615314,nanoflannKNN,KNN,800,10000,random,5,0.763933,0.152787,0.153088,0.00246118,1,0.152911,800,0,40,dynamic
2025-07-12-13:44:23,nanoKD,Point,MortonEncoder3D,429615314,nanoflannKNN,KNN,900,10000,random,5,0.929098,0.18582,0.186084,0.0027023,1,0.185806,900,0,40,dynamic
2025-07-12-13:44:25,nanoKD,Point,MortonEncoder3D,429615314,nanoflannKNN,KNN,1000,10000,random,5,1.10986,0.221972,0.221856,0.00296171,1,0.221619,1000,0,40,dynamic
2025-07-12-13:44:26,nanoKD,Point,MortonEncoder3D,429615314,nanoflannKNN,KNN,1250,10000,random,5,1.62089,0.324178,0.325037,0.004657,1,0.324536,1250,0,40,dynamic
2025-07-12-13:44:29,nanoKD,Point,MortonEncoder3D,429615314,nanoflannKNN,KNN,1500,10000,random,5,2.22489,0.444979,0.44587,0.00614068,1,0.445954,1500,0,40,dynamic
2025-07-12-13:44:33,nanoKD,Point,MortonEncoder3D,429615314,nanoflannKNN,KNN,1750,10000,random,5,2.91474,0.582948,0.584509,0.0077349,1,0.584696,1750,0,40,dynamic
2025-07-12-13:44:37,nanoKD,Point,MortonEncoder3D,429615314,nanoflannKNN,KNN,2000,10000,random,5,3.69881,0.739763,0.741443,0.00984595,1,0.743058,2000,0,40,dynamic
2025-07-12-13:46:32,linOct,Point,HilbertEncoder3D,429615314,linOctKNN,KNN,5,10000,random,5,0.0347851,0.00695702,0.00777187,0.00165167,1,0.00609194,5,0,40,dynamic
2025-07-12-13:46:32,linOct,Point,HilbertEncoder3D,429615314,linOctKNN,KNN,10,10000,random,5,0.0206475,0.00412949,0.00412134,3.85296e-05,1,0.0037677,10,0,40,dynamic
2025-07-12-13:46:32,linOct,Point,HilbertEncoder3D,429615314,linOctKNN,KNN,25,10000,random,5,0.0257523,0.00515046,0.00515237,4.63143e-05,1,0.00483496,25,0,40,dynamic
2025-07-12-13:46:32,linOct,Point,HilbertEncoder3D,429615314,linOctKNN,KNN,50,10000,random,5,0.0335622,0.00671243,0.00669849,0.000111593,1,0.00644268,50,0,40,dynamic
2025-07-12-13:46:32,linOct,Point,HilbertEncoder3D,429615314,linOctKNN,KNN,75,10000,random,5,0.0400714,0.00801429,0.00800081,3.35263e-05,1,0.00789432,75,0,40,dynamic
2025-07-12-13:46:32,linOct,Point,HilbertEncoder3D,429615314,linOctKNN,KNN,100,10000,random,5,0.0464686,0.00929372,0.00929946,3.20064e-05,1,0.00922423,100,0,40,dynamic
2025-07-12-13:46:32,linOct,Point,HilbertEncoder3D,429615314,linOctKNN,KNN,200,10000,random,5,0.0689585,0.0137917,0.0138052,5.1177e-05,1,0.0137424,200,0,40,dynamic
2025-07-12-13:46:32,linOct,Point,HilbertEncoder3D,429615314,linOctKNN,KNN,300,10000,random,5,0.0905187,0.0181037,0.0181254,4.86383e-05,1,0.0181159,300,0,40,dynamic
2025-07-12-13:46:32,linOct,Point,HilbertEncoder3D,429615314,linOctKNN,KNN,400,10000,random,5,0.111684,0.0223368,0.0223503,3.17644e-05,1,0.0223053,400,0,40,dynamic
2025-07-12-13:46:32,linOct,Point,HilbertEncoder3D,429615314,linOctKNN,KNN,500,10000,random,5,0.13273,0.026546,0.0265394,4.18286e-05,1,0.0265276,500,0,40,dynamic
2025-07-12-13:46:33,linOct,Point,HilbertEncoder3D,429615314,linOctKNN,KNN,600,10000,random,5,0.153705,0.030741,0.030747,2.97594e-05,1,0.0307162,600,0,40,dynamic
2025-07-12-13:46:33,linOct,Point,HilbertEncoder3D,429615314,linOctKNN,KNN,700,10000,random,5,0.174141,0.0348283,0.0348262,4.8381e-05,1,0.0347758,700,0,40,dynamic
2025-07-12-13:46:33,linOct,Point,HilbertEncoder3D,429615314,linOctKNN,KNN,800,10000,random,5,0.199332,0.0398665,0.0389322,0.00125629,1,0.0388036,800,0,40,dynamic
2025-07-12-13:46:33,linOct,Point,HilbertEncoder3D,429615314,linOctKNN,KNN,900,10000,random,5,0.214308,0.0428616,0.0428775,5.90192e-05,1,0.0428123,900,0,40,dynamic
2025-07-12-13:46:34,linOct,Point,HilbertEncoder3D,429615314,linOctKNN,KNN,1000,10000,random,5,0.234487,0.0468973,0.046869,7.63043e-05,1,0.0467757,1000,0,40,dynamic
2025-07-12-13:46:34,linOct,Point,HilbertEncoder3D,429615314,linOctKNN,KNN,1250,10000,random,5,0.283063,0.0566126,0.0566294,6.00338e-05,1,0.056562,1250,0,40,dynamic
2025-07-12-13:46:34,linOct,Point,HilbertEncoder3D,429615314,linOctKNN,KNN,1500,10000,random,5,0.331992,0.0663984,0.0664384,0.000101411,1,0.066318,1500,0,40,dynamic
2025-07-12-13:46:35,linOct,Point,HilbertEncoder3D,429615314,linOctKNN,KNN,1750,10000,random,5,0.382283,0.0764567,0.0762045,0.000437116,1,0.0760202,1750,0,40,dynamic
2025-07-12-13:46:35,linOct,Point,HilbertEncoder3D,429615314,linOctKNN,KNN,2000,10000,random,5,0.428321,0.0856642,0.0856924,9.02413e-05,1,0.0854386,2000,0,40,dynamic
2025-07-12-13:48:12,pclOct,Point,HilbertEncoder3D,429615314,pclOctKNN,KNN,5,10000,random,5,1.12641,0.225282,0.227198,0.00509405,1,0.205036,5,0,40,dynamic
2025-07-12-13:48:13,pclOct,Point,HilbertEncoder3D,429615314,pclOctKNN,KNN,10,10000,random,5,1.14775,0.22955,0.230053,0.00273687,1,0.232403,10,0,40,dynamic
2025-07-12-13:48:14,pclOct,Point,HilbertEncoder3D,429615314,pclOctKNN,KNN,25,10000,random,5,1.16509,0.233018,0.233347,0.00367651,1,0.23709,25,0,40,dynamic
2025-07-12-13:48:16,pclOct,Point,HilbertEncoder3D,429615314,pclOctKNN,KNN,50,10000,random,5,1.18995,0.23799,0.240216,0.00377221,1,0.241311,50,0,40,dynamic
2025-07-12-13:48:17,pclOct,Point,HilbertEncoder3D,429615314,pclOctKNN,KNN,75,10000,random,5,1.2108,0.24216,0.243058,0.00352883,1,0.245312,75,0,40,dynamic
2025-07-12-13:48:19,pclOct,Point,HilbertEncoder3D,429615314,pclOctKNN,KNN,100,10000,random,5,1.22397,0.244793,0.246084,0.00315783,1,0.247319,100,0,40,dynamic
2025-07-12-13:48:20,pclOct,Point,HilbertEncoder3D,429615314,pclOctKNN,KNN,200,10000,random,5,1.28109,0.256219,0.257478,0.00337754,1,0.258829,200,0,40,dynamic
2025-07-12-13:48:22,pclOct,Point,HilbertEncoder3D,429615314,pclOctKNN,KNN,300,10000,random,5,1.33538,0.267076,0.268347,0.00297997,1,0.270492,300,0,40,dynamic
2025-07-12-13:48:24,pclOct,Point,HilbertEncoder3D,429615314,pclOctKNN,KNN,400,10000,random,5,1.39136,0.278272,0.278198,0.00290281,1,0.281019,400,0,40,dynamic
2025-07-12-13:48:25,pclOct,Point,HilbertEncoder3D,429615314,pclOctKNN,KNN,500,10000,random,5,1.44009,0.288018,0.287408,0.00332172,1,0.289043,500,0,40,dynamic
2025-07-12-13:48:27,pclOct,Point,HilbertEncoder3D,429615314,pclOctKNN,KNN,600,10000,random,5,1.49879,0.299758,0.300761,0.00333026,1,0.302112,600,0,40,dynamic
2025-07-12-13:48:29,pclOct,Point,HilbertEncoder3D,429615314,pclOctKNN,KNN,700,10000,random,5,1.53885,0.307769,0.308014,0.00324305,1,0.307495,700,0,40,dynamic
2025-07-12-13:48:31,pclOct,Point,HilbertEncoder3D,429615314,pclOctKNN,KNN,800,10000,random,5,1.58606,0.317212,0.315254,0.00437244,1,0.3212,800,0,40,dynamic
2025-07-12-13:48:33,pclOct,Point,HilbertEncoder3D,429615314,pclOctKNN,KNN,900,10000,random,5,1.63648,0.327295,0.326803,0.00204688,1,0.331524,900,0,40,dynamic
2025-07-12-13:48:35,pclOct,Point,HilbertEncoder3D,429615314,pclOctKNN,KNN,1000,10000,random,5,1.70479,0.340959,0.342112,0.00267818,1,0.341898,1000,0,40,dynamic
2025-07-12-13:48:37,pclOct,Point,HilbertEncoder3D,429615314,pclOctKNN,KNN,1250,10000,random,5,1.89555,0.379111,0.377616,0.00286773,1,0.383721,1250,0,40,dynamic
2025-07-12-13:48:40,pclOct,Point,HilbertEncoder3D,429615314,pclOctKNN,KNN,1500,10000,random,5,2.14777,0.429554,0.430187,0.00274306,1,0.431976,1500,0,40,dynamic
2025-07-12-13:48:43,pclOct,Point,HilbertEncoder3D,429615314,pclOctKNN,KNN,1750,10000,random,5,2.44813,0.489626,0.489258,0.00336004,1,0.494169,1750,0,40,dynamic
2025-07-12-13:48:46,pclOct,Point,HilbertEncoder3D,429615314,pclOctKNN,KNN,2000,10000,random,5,2.78037,0.556074,0.557539,0.00347003,1,0.560971,2000,0,40,dynamic
2025-07-12-13:52:29,pclKD,Point,HilbertEncoder3D,429615314,pclKdKNN,KNN,5,10000,random,5,0.0112673,0.00225346,0.00214992,0.000155282,1,0.00745987,5,0,40,dynamic
2025-07-12-13:52:29,pclKD,Point,HilbertEncoder3D,429615314,pclKdKNN,KNN,10,10000,random,5,0.0126829,0.00253658,0.00252499,2.6708e-05,1,0.00226209,10,0,40,dynamic
2025-07-12-13:52:29,pclKD,Point,HilbertEncoder3D,429615314,pclKdKNN,KNN,25,10000,random,5,0.0156107,0.00312213,0.00310717,4.60913e-05,1,0.00280317,25,0,40,dynamic
2025-07-12-13:52:29,pclKD,Point,HilbertEncoder3D,429615314,pclKdKNN,KNN,50,10000,random,5,0.0207106,0.00414213,0.00412622,5.9113e-05,1,0.00371635,50,0,40,dynamic
2025-07-12-13:52:29,pclKD,Point,HilbertEncoder3D,429615314,pclKdKNN,KNN,75,10000,random,5,0.0267604,0.00535209,0.00533563,5.50444e-05,1,0.00497605,75,0,40,dynamic
2025-07-12-13:52:29,pclKD,Point,HilbertEncoder3D,429615314,pclKdKNN,KNN,100,10000,random,5,0.0333692,0.00667384,0.00665594,4.65781e-05,1,0.00636675,100,0,40,dynamic
2025-07-12-13:52:29,pclKD,Point,HilbertEncoder3D,429615314,pclKdKNN,KNN,200,10000,random,5,0.0654578,0.0130916,0.013074,9.81596e-05,1,0.0129274,200,0,40,dynamic
2025-07-12-13:52:29,pclKD,Point,HilbertEncoder3D,429615314,pclKdKNN,KNN,300,10000,random,5,0.104258,0.0208517,0.020917,9.346e-05,1,0.0207747,300,0,40,dynamic
2025-07-12-13:52:29,pclKD,Point,HilbertEncoder3D,429615314,pclKdKNN,KNN,400,10000,random,5,0.147987,0.0295973,0.0294537,0.0022089,1,0.0271171,400,0,40,dynamic
2025-07-12-13:52:30,pclKD,Point,HilbertEncoder3D,429615314,pclKdKNN,KNN,500,10000,random,5,0.168201,0.0336402,0.0336399,0.000161572,1,0.0360213,500,0,40,dynamic
2025-07-12-13:52:30,pclKD,Point,HilbertEncoder3D,429615314,pclKdKNN,KNN,600,10000,random,5,0.200915,0.0401831,0.0401818,0.000195368,1,0.0402745,600,0,40,dynamic
2025-07-12-13:52:30,pclKD,Point,HilbertEncoder3D,429615314,pclKdKNN,KNN,700,10000,random,5,0.233798,0.0467596,0.0467046,0.000130227,1,0.0468013,700,0,40,dynamic
2025-07-12-13:52:31,pclKD,Point,HilbertEncoder3D,429615314,pclKdKNN,KNN,800,10000,random,5,0.267335,0.053467,0.0534224,0.000219646,1,0.0535767,800,0,40,dynamic
2025-07-12-13:52:31,pclKD,Point,HilbertEncoder3D,429615314,pclKdKNN,KNN,900,10000,random,5,0.300406,0.0600812,0.0600484,0.000216855,1,0.0602045,900,0,40,dynamic
2025-07-12-13:52:31,pclKD,Point,HilbertEncoder3D,429615314,pclKdKNN,KNN,1000,10000,random,5,0.358494,0.0716987,0.0722384,0.000982337,1,0.0707657,1000,0,40,dynamic
2025-07-12-13:52:32,pclKD,Point,HilbertEncoder3D,429615314,pclKdKNN,KNN,1250,10000,random,5,0.414824,0.0829649,0.0829359,0.000221055,1,0.0849496,1250,0,40,dynamic
2025-07-12-13:52:32,pclKD,Point,HilbertEncoder3D,429615314,pclKdKNN,KNN,1500,10000,random,5,0.496785,0.0993571,0.0993525,0.000193743,1,0.0994675,1500,0,40,dynamic
2025-07-12-13:52:33,pclKD,Point,HilbertEncoder3D,429615314,pclKdKNN,KNN,1750,10000,random,5,0.591473,0.118295,0.11655,0.00275149,1,0.118718,1750,0,40,dynamic
2025-07-12-13:52:34,pclKD,Point,HilbertEncoder3D,429615314,pclKdKNN,KNN,2000,10000,random,5,0.666875,0.133375,0.132948,0.00111628,1,0.138073,2000,0,40,dynamic
2025-07-12-13:54:45,nanoKD,Point,HilbertEncoder3D,429615314,nanoflannKNN,KNN,5,10000,random,5,0.0509352,0.010187,0.0102069,0.000483717,1,0.0177474,5,0,40,dynamic
2025-07-12-13:54:45,nanoKD,Point,HilbertEncoder3D,429615314,nanoflannKNN,KNN,10,10000,random,5,0.0499605,0.0099921,0.00989281,0.00020659,1,0.00937717,10,0,40,dynamic
2025-07-12-13:54:45,nanoKD,Point,HilbertEncoder3D,429615314,nanoflannKNN,KNN,25,10000,random,5,0.0537148,0.010743,0.0110899,0.000872873,1,0.0113004,25,0,40,dynamic
2025-07-12-13:54:45,nanoKD,Point,HilbertEncoder3D,429615314,nanoflannKNN,KNN,50,10000,random,5,0.0629873,0.0125975,0.012808,0.00159328,1,0.0120825,50,0,40,dynamic
2025-07-12-13:54:45,nanoKD,Point,HilbertEncoder3D,429615314,nanoflannKNN,KNN,75,10000,random,5,0.0542694,0.0108539,0.0108395,9.147e-05,1,0.0129082,75,0,40,dynamic
2025-07-12-13:54:45,nanoKD,Point,HilbertEncoder3D,429615314,nanoflannKNN,KNN,100,10000,random,5,0.0645254,0.0129051,0.0128582,0.000106323,1,0.0129785,100,0,40,dynamic
2025-07-12-13:54:46,nanoKD,Point,HilbertEncoder3D,429615314,nanoflannKNN,KNN,200,10000,random,5,0.109351,0.0218701,0.0218647,0.000136218,1,0.0218581,200,0,40,dynamic
2025-07-12-13:54:46,nanoKD,Point,HilbertEncoder3D,429615314,nanoflannKNN,KNN,300,10000,random,5,0.170917,0.0341834,0.0342496,0.000251508,1,0.0342747,300,0,40,dynamic
2025-07-12-13:54:46,nanoKD,Point,HilbertEncoder3D,429615314,nanoflannKNN,KNN,400,10000,random,5,0.253785,0.050757,0.0506896,0.000398159,1,0.0508914,400,0,40,dynamic
2025-07-12-13:54:47,nanoKD,Point,HilbertEncoder3D,429615314,nanoflannKNN,KNN,500,10000,random,5,0.353071,0.0706141,0.0705125,0.000653942,1,0.0749379,500,0,40,dynamic
2025-07-12-13:54:47,nanoKD,Point,HilbertEncoder3D,429615314,nanoflannKNN,KNN,600,10000,random,5,0.484367,0.0968735,0.0971546,0.00291795,1,0.093392,600,0,40,dynamic
2025-07-12-13:54:48,nanoKD,Point,HilbertEncoder3D,429615314,nanoflannKNN,KNN,700,10000,random,5,0.597544,0.119509,0.11882,0.00167716,1,0.119929,700,0,40,dynamic
2025-07-12-13:54:49,nanoKD,Point,HilbertEncoder3D,429615314,nanoflannKNN,KNN,800,10000,random,5,0.745275,0.149055,0.149086,0.000585045,1,0.152561,800,0,40,dynamic
2025-07-12-13:54:50,nanoKD,Point,HilbertEncoder3D,429615314,nanoflannKNN,KNN,900,10000,random,5,0.90719,0.181438,0.181068,0.00182226,1,0.182237,900,0,40,dynamic
2025-07-12-13:54:51,nanoKD,Point,HilbertEncoder3D,429615314,nanoflannKNN,KNN,1000,10000,random,5,1.08787,0.217574,0.218005,0.00206263,1,0.219423,1000,0,40,dynamic
2025-07-12-13:54:53,nanoKD,Point,HilbertEncoder3D,429615314,nanoflannKNN,KNN,1250,10000,random,5,1.58506,0.317013,0.315635,0.00327489,1,0.323727,1250,0,40,dynamic
2025-07-12-13:54:56,nanoKD,Point,HilbertEncoder3D,429615314,nanoflannKNN,KNN,1500,10000,random,5,2.1809,0.43618,0.436403,0.00366702,1,0.441635,1500,0,40,dynamic
2025-07-12-13:54:59,nanoKD,Point,HilbertEncoder3D,429615314,nanoflannKNN,KNN,1750,10000,random,5,2.86906,0.573811,0.573775,0.00475678,1,0.582221,1750,0,40,dynamic
2025-07-12-13:55:03,nanoKD,Point,HilbertEncoder3D,429615314,nanoflannKNN,KNN,2000,10000,random,5,3.63837,0.727674,0.726653,0.00591622,1,0.73865,2000,0,40,dynamic
2025-12-08-10:04:39,picoTree,PointsAoS,MortonEncoder3D,429615314,KNNPico,KNN,5,5000,random,5,0.0355116,0.00710232,0.00719314,0.00410807,1,0.0223284,5,0,40,dynamic
2025-12-08-10:04:39,picoTree,PointsAoS,MortonEncoder3D,429615314,KNNPico,KNN,10,5000,random,5,0.00861641,0.00172328,0.00149521,0.000394317,1,0.00337589,10,0,40,dynamic
2025-12-08-10:04:39,picoTree,PointsAoS,MortonEncoder3D,429615314,KNNPico,KNN,25,5000,random,5,0.00992687,0.00198537,0.00196291,5.25748e-05,1,0.00352996,25,0,40,dynamic
2025-12-08-10:04:39,picoTree,PointsAoS,MortonEncoder3D,429615314,KNNPico,KNN,50,5000,random,5,0.0280191,0.00560381,0.00685504,0.00172733,1,0.00336081,50,0,40,dynamic
2025-12-08-10:04:39,picoTree,PointsAoS,MortonEncoder3D,429615314,KNNPico,KNN,75,5000,random,5,0.016073,0.0032146,0.00322198,1.83367e-05,1,0.00388218,75,0,40,dynamic
2025-12-08-10:04:39,picoTree,PointsAoS,MortonEncoder3D,429615314,KNNPico,KNN,100,5000,random,5,0.0198181,0.00396362,0.00382509,0.000330911,1,0.00477391,100,0,40,dynamic
2025-12-08-10:04:39,picoTree,PointsAoS,MortonEncoder3D,429615314,KNNPico,KNN,200,5000,random,5,0.0341398,0.00682797,0.0064548,0.000851851,1,0.00856534,200,0,40,dynamic
2025-12-08-10:04:39,picoTree,PointsAoS,MortonEncoder3D,429615314,KNNPico,KNN,300,5000,random,5,0.046643,0.0093286,0.00936841,8.27949e-05,1,0.00941248,300,0,40,dynamic
2025-12-08-10:04:39,picoTree,PointsAoS,MortonEncoder3D,429615314,KNNPico,KNN,400,5000,random,5,0.0647959,0.0129592,0.012983,0.00014597,1,0.0130976,400,0,40,dynamic
2025-12-08-10:04:39,picoTree,PointsAoS,MortonEncoder3D,429615314,KNNPico,KNN,500,5000,random,5,0.0881781,0.0176356,0.0175711,0.000341073,1,0.0177007,500,0,40,dynamic
2025-12-08-10:07:05,picoTree,PointsAoS,HilbertEncoder3D,429615314,KNNPico,KNN,5,5000,random,5,0.0377525,0.0075505,0.00791396,0.00119319,1,0.00721823,5,0,40,dynamic
2025-12-08-10:07:05,picoTree,PointsAoS,HilbertEncoder3D,429615314,KNNPico,KNN,10,5000,random,5,0.0286851,0.00573701,0.00572463,4.47505e-05,1,0.0051419,10,0,40,dynamic
2025-12-08-10:07:05,picoTree,PointsAoS,HilbertEncoder3D,429615314,KNNPico,KNN,25,5000,random,5,0.0311393,0.00622787,0.00622148,3.83449e-05,1,0.00566558,25,0,40,dynamic
2025-12-08-10:07:05,picoTree,PointsAoS,HilbertEncoder3D,429615314,KNNPico,KNN,50,5000,random,5,0.0343109,0.00686219,0.00684896,5.40091e-05,1,0.00631111,50,0,40,dynamic
2025-12-08-10:07:06,picoTree,PointsAoS,HilbertEncoder3D,429615314,KNNPico,KNN,75,5000,random,5,0.0373319,0.00746638,0.00745786,4.64146e-05,1,0.00699144,75,0,40,dynamic
2025-12-08-10:07:06,picoTree,PointsAoS,HilbertEncoder3D,429615314,KNNPico,KNN,100,5000,random,5,0.0384027,0.00768054,0.00808155,0.000831435,1,0.00759311,100,0,40,dynamic
2025-12-08-10:07:06,picoTree,PointsAoS,HilbertEncoder3D,429615314,KNNPico,KNN,200,5000,random,5,0.0527971,0.0105594,0.0105913,0.000130571,1,0.0101982,200,0,40,dynamic
2025-12-08-10:07:06,picoTree,PointsAoS,HilbertEncoder3D,429615314,KNNPico,KNN,300,5000,random,5,0.0615335,0.0123067,0.0135985,0.00176142,1,0.0133524,300,0,40,dynamic
2025-12-08-10:07:06,picoTree,PointsAoS,HilbertEncoder3D,429615314,KNNPico,KNN,400,5000,random,5,0.064171,0.0128342,0.012821,7.66577e-05,1,0.012874,400,0,40,dynamic
2025-12-08-10:07:06,picoTree,PointsAoS,HilbertEncoder3D,429615314,KNNPico,KNN,500,5000,random,5,0.0867763,0.0173553,0.0173505,7.29169e-05,1,0.01738,500,0,40,dynamic
2025-12-08-10:09:30,picoTree,PointsAoS,NoEncoding,429615314,KNNPico,KNN,5,5000,random,5,0.0323219,0.00646437,0.00642688,0.000181612,1,0.00588892,5,0,40,dynamic
2025-12-08-10:09:30,picoTree,PointsAoS,NoEncoding,429615314,KNNPico,KNN,10,5000,random,5,0.0306209,0.00612417,0.00611577,3.11224e-05,1,0.00557923,10,0,40,dynamic
2025-12-08-10:09:30,picoTree,PointsAoS,NoEncoding,429615314,KNNPico,KNN,25,5000,random,5,0.0338396,0.00676793,0.00674725,0.000118572,1,0.00623429,25,0,40,dynamic
2025-12-08-10:09:30,picoTree,PointsAoS,NoEncoding,429615314,KNNPico,KNN,50,5000,random,5,0.0373536,0.00747073,0.00746163,0.00137659,1,0.00704503,50,0,40,dynamic
2025-12-08-10:09:30,picoTree,PointsAoS,NoEncoding,429615314,KNNPico,KNN,75,5000,random,5,0.0393424,0.00786847,0.00819557,0.000706319,1,0.00789305,75,0,40,dynamic
2025-12-08-10:09:31,picoTree,PointsAoS,NoEncoding,429615314,KNNPico,KNN,100,5000,random,5,0.0255455,0.00510909,0.00469544,0.000857558,1,0.00850666,100,0,40,dynamic
2025-12-08-10:09:31,picoTree,PointsAoS,NoEncoding,429615314,KNNPico,KNN,200,5000,random,5,0.0381608,0.00763216,0.00731864,0.000661091,1,0.00930495,200,0,40,dynamic
2025-12-08-10:09:31,picoTree,PointsAoS,NoEncoding,429615314,KNNPico,KNN,300,5000,random,5,0.0515101,0.010302,0.0103116,4.05902e-05,1,0.0102944,300,0,40,dynamic
2025-12-08-10:09:31,picoTree,PointsAoS,NoEncoding,429615314,KNNPico,KNN,400,5000,random,5,0.0702187,0.0140437,0.0140652,7.86129e-05,1,0.0139957,400,0,40,dynamic
2025-12-08-10:09:31,picoTree,PointsAoS,NoEncoding,429615314,KNNPico,KNN,500,5000,random,5,0.093457,0.0186914,0.0187046,9.81786e-05,1,0.0185328,500,0,40,dynamic
